topic,x,y,topics,cluster,Freq
3,-3.5891187,4.192052,1,1,3.7
1,-5.0,2.6746674,2,1,0.7595311458132725
2,-3.4826217,1.2637806,3,1,0.5782820321102085
4,-2.0717392,2.781164,4,1,0.2
