topic,x,y,topics,cluster,Freq
3,0.019329026,-2.335407,1,1,3.7
4,-2.2464569,-2.7341948,2,1,3.11192812019474
2,-1.8476844,-5.0,3,1,1.0468586235837964
1,0.41812465,-4.6012254,4,1,0.2
