topic,x,y,topics,cluster,Freq
5,2.4703498,-3.60931,1,1,3.7000000000000006
7,-2.153493,2.605755,2,1,2.611848582205695
3,-3.738348,-3.4006217,3,1,2.2586131641256824
6,-4.392588,-0.015706327,4,1,2.072513400979963
1,1.2921373,2.4904745,5,1,1.24453479038104
8,-0.5509394,-1.029312,6,1,1.24453479038104
4,-0.68426305,-5.0,7,1,0.7601656722638528
2,3.3496494,-0.27580214,8,1,0.2
