topic,x,y,topics,cluster,Freq
2,-1.8634728,5.0,1,1,3.7
3,-4.3916354,-1.3414313,2,1,3.2058499309610484
4,-1.2728251,-3.492455,3,1,2.851731875210348
7,-4.6546144,2.4380841,4,1,2.665803242487864
6,-0.59898275,0.82123053,5,1,2.0640507035725237
8,3.7564058,1.1241641,6,1,1.6157797401561578
5,1.8798051,4.4154067,7,1,0.8363784712404259
1,2.3534505,-2.3951492,8,1,0.2
