topic,x,y,topics,cluster,Freq
5,5.0,-0.441855,1,1,3.7
1,1.4303483,4.97394,2,1,3.1702436042347837
3,-1.4750351,-0.8253455,3,1,2.7329071991352243
4,1.651773,1.2355975,4,1,2.7329071991352243
6,4.7786155,3.296521,5,1,2.249164969275045
7,-1.6964917,2.9130177,6,1,1.8920812897960313
2,1.8731848,-2.5027807,7,1,0.2
