topic,x,y,topics,cluster,Freq
3,-3.631659,0.31366313,1,1,3.7
7,-0.95973676,2.2297761,2,1,3.077309541855994
5,2.4983735,-3.5500023,3,1,2.910472344981817
9,-0.4527806,-5.0,4,1,1.9843375414878965
8,-3.7258806,-3.350165,5,1,1.7751607275382832
2,-1.0233788,-1.7337116,6,1,1.3227144057286753
1,2.4918447,2.6497655,7,1,0.519927862274485
4,1.3510901,-0.3117475,8,1,0.519927862274485
6,4.5001187,-0.7074517,9,1,0.2
